[
  {
    "title" : "如何领奖？",
    "html" : "help.html",
    "id" : "howtoprize"
  },
  {
    "title" : "如何充值？",
    "html" : "help.html",
    "id" : "howtorecharge"
  },
  {
    "title" : "如何提现？",
    "html" : "help.html",
    "id" : "howtowithdraw"
  },
  {
    "title" : "如何购彩？",
    "html" : "help.html",
    "id" : "howtobuy"
  },
  {
    "title" : "如何连续多期买同一注号码？",
    "html" : "help.html",
    "id" : "whatisfollowandtimes"
  },
  {
    "title" : "如何跟别人合资买彩票？",
    "html" : "help.html",
    "id" : "howtogroupbuy"
  },
  {
    "title" : "如何快速支付？",
    "html" : "help.html",
    "id" : "howtoquickpay"
  },
  {
    "title" : "如何投注双色球",
    "html" : "ssq_howto.html"
  },
  {
    "title" : "如何投注大乐透",
    "html" : "dlt_howto.html"
  },
  {
    "title" : "如何投注11选5",
    "html" : "y11_howto.html"
  },
  {
    "title" : "如何投注广东11选5",
    "html" : "gdy11_howto.html"
  },
  {
    "title" : "如何投注老11选5",
    "html" : "jxy11_howto.html"
  },
  {
    "title" : "如何投注好运11选5",
    "html" : "lk11_howto.html"
  },
  {
    "title" : "如何投注快3",
    "html" : "k3_howto.html"
  },
  {
    "title" : "如何投注快2",
    "html" : "k2_howto.html"
  },
  {
    "title" : "如何投注竞彩足球",
    "html" : "jczq_howto.html"
  },
  {
    "title" : "如何投注竞彩篮球",
    "html" : "jclq_howto.html"
  },
  {
    "title" : "如何投注足球单场",
    "html" : "bjdc_howto.html"
  },
  {
    "title" : "如何投注3D",
    "html" : "x3d_howto.html"
  },
  {
    "title" : "如何投注老时时彩",
    "html" : "ssc_howto.html"
  },
  {
    "title" : "如何投注七星彩",
    "html" : "qxc_howto.html"
  },
  {
    "title" : "如何投注七乐彩",
    "html" : "qlc_howto.html"
  },
  {
    "title" : "如何投注排列5",
    "html" : "pl5_howto.html"
  },
  {
    "title" : "如何投注排列3",
    "html" : "pl3_howto.html"
  },
  {
    "title" : "如何投注快乐8",
    "html" : "kl8_howto.html"
  },
  {
    "title" : "如何投注新时时彩",
    "html" : "jxssc_howto.html"
  },
  {
    "title" : "如何投注胜负彩",
    "html" : "sfc_howto.html"
  },
  {
    "title" : "如何投注任选九",
    "html" : "f9_howto.html"
  }
]