[
      {
            "title": "邮箱大师",
            "stitle":"网易推出的通用邮箱APP",
            "id": "com.netease.mailmaster",
            "url": "https://itunes.apple.com/cn/app/you-xiang-da-shi/id897003024?mt=8",
            "icon": "mail",
            "customUrl": "mailmaster"
      },
      {
            "title": "网易电影票", 
            "stitle":"特价购影票，提前选好座！",
            "id": "com.lede.movie",
            "url": "https://itunes.apple.com/cn/app/id628309462?ls=1&mt=8",
            "icon": "movie",
            "customUrl": "movieTicket163"
      },
      {
            "title": "网易新闻",
            "stitle":"有态度的新闻客户端",
            "id": "com.netease.news", 
            "url": "http://itunes.apple.com/app/id425349261?mt=8", 
            "icon": "newsapp",
            "customUrl": "newsapp"
      }, 
      {
            "title": "网易公开课",
            "stitle":"随时随地上名校公开课",
            "id": "com.netease.videoHD", 
            "url": "http://itunes.apple.com/app/id415424368?mt=8", 
            "icon": "open",
            "customUrl": "ntesopen"
      }, 
      {
            "title": "网易电视指南",
            "stitle":"手机也能看电视",
            "id": "com.netease.tvguide", 
            "url": "http://itunes.apple.com/app/id480095986", 
            "icon": "tvguide",
            "customUrl": "tvguide"
      }, 
      {
            "title": "网易云阅读", 
            "stitle":"100000+好书杂志免费读",
            "id": "com.netease.iphonereader", 
            "url": "http://itunes.apple.com/app/id462186890?mt=8", 
            "icon": "reader",
            "customUrl": "neteasereaderuri"
      },
      {
            "title": "网易云相册",
            "stitle":"手机拍照必备工具",
            "id": "com.netease.cloudphotos", 
            "url": "http://itunes.apple.com/app/id451931841?mt=8", 
            "icon": "cloudphotos",
            "customUrl": ""
      },
      {
            "title": "网易微博",
            "stitle":"有态度的微博",
            "id": "com.netease.microblogging", 
            "url": "http://itunes.apple.com/app/id383629309?mt=8", 
            "icon": "newb",
            "customUrl": "microblogging"
      },
      {
            "title": "有道词典", 
            "stitle":"最好用的免费全能翻译软件",
            "id": "youdaoPro", 
            "url": "http://itunes.apple.com/app/id353115739?mt=8", 
            "icon": "youdao",
            "customUrl": "yddictProapp"
      }, 
      {
            "title": "有道云笔记", 
            "stitle":"随时随地，记录一切",
            "id": "com.youdao.note.iphone", 
            "url": "http://itunes.apple.com/app/id450748070?mt=8", 
            "icon": "youdaonote",
            "customUrl": "youdaonote"
      },
      {
            "title": "恵恵",
            "stitle":"一站购物，多站比价",
            "id": "cn.huihui.Guide",
            "url": "https://itunes.apple.com/cn/app/hui-hui-gou-wu-zhu-shou-wang/id698013642?mt=8",
            "icon": "huihui",
            "customUrl": "huihuideal"
      },
      {
            "title": "LOFTER",
            "stitle":"快速漂亮有趣的记录",
            "id": "com.netease.lofter",
            "url": "http://www.lofter.com/app/QRCodedownload?act=qbwangyicaipiao_20140715_01&default=home",
            "icon": "lofter",
            "customUrl": "lofter"
      },
      {
            "title": "网易火车票",
            "stitle":"最实惠的抢票神器",
            "id": "com.lede.trainticket",
            "url": "https://itunes.apple.com/cn/app/id773019346?ls=1&mt=8",
            "icon": "train",
            "customUrl": "train163"
      }
]
